﻿<?xml version="1.0" encoding="UTF-8" standalone="yes"?>
<addon id="repository.kodilahav" name="kodi lahav repository" version="1.0.1" provider-name="kodi lahav">
	<extension point="xbmc.addon.repository" name="kodi lahav repository">
			<info compressed="false">https://raw.githubusercontent.com/amshpitz/zip/master/addons.xml</info>
			<checksum>https://raw.githubusercontent.com/amshpitz/zip/master/addons.xml.md5</checksum>
			<datadir zip="true">https://github.com/amshpitz/zip/</datadir>
	</extension>
	<extension point="xbmc.addon.metadata">
		<summary lang="en">kodi- Lahav repo</summary>
		<description lang="en">kodi-Lahav repo</description>
		<platform>all</platform>
	</extension>
</addon>

