﻿<?xml version="1.0" encoding="UTF-8" standalone="yes"?>
<addon id="repository.lahav" name="kodi lahav repository" version="1.0.4" provider-name="amos lahav">
	<extension point="xbmc.addon.repository" name="kodi lahav repository">
			<info compressed="false">https://raw.githubusercontent.com/amshpitz/Kodi/master/addons.xml</info>
			<checksum>https://raw.githubusercontent.com/amshpitz/Kodi/master/addons.xml.md5</checksum>
			<datadir zip="true">https://github.com/amshpitz/Kodi/raw/master/</datadir>
	</extension>
	<extension point="xbmc.addon.metadata">
		<summary lang="en">kodi- amos Lahav repo</summary>
		<description lang="en">kodi-amos Lahav repo</description>
		<platform>all</platform>
	</extension>
</addon>

